open_time,open,high,low,close,volume,trades
2024-09-05 00:00:00+00:00,57944.8,58318.9,55600.0,56145.7,294703.592,3623974
2024-09-06 00:00:00+00:00,56145.7,57000.0,52510.8,53927.7,479063.113,5836491
2024-09-07 00:00:00+00:00,53927.7,54820.2,53725.0,54134.9,127686.594,1789526
2024-09-08 00:00:00+00:00,54134.9,55300.0,53596.5,54839.6,162078.536,2060226
2024-09-09 00:00:00+00:00,54839.6,58153.2,54557.0,57010.0,313094.361,3837831
2024-09-10 00:00:00+00:00,57010.1,58033.2,56361.0,57609.1,228317.676,3066469
2024-09-11 00:00:00+00:00,57609.2,57954.4,55515.2,57306.0,338231.445,4339590
2024-09-12 00:00:00+00:00,57305.6,58606.6,57283.1,58097.0,261449.688,3433611
2024-09-13 00:00:00+00:00,58097.1,60597.0,57594.0,60456.2,277429.492,3289248
2024-09-14 00:00:00+00:00,60456.2,60572.9,59360.1,59964.0,102580.577,1497202
2024-09-15 00:00:00+00:00,59963.9,60369.4,58654.0,59100.5,130524.206,1736437
2024-09-16 00:00:00+00:00,59100.5,59182.2,57446.3,58187.0,250699.432,3119099
2024-09-17 00:00:00+00:00,58187.0,61345.0,57588.8,60281.0,318442.066,3715666
2024-09-18 00:00:00+00:00,60281.0,61765.0,59138.0,61735.3,355729.312,4185877
2024-09-19 00:00:00+00:00,61735.3,63830.1,61534.0,62926.9,302382.412,3599751
2024-09-20 00:00:00+00:00,62926.9,64126.7,62320.0,63175.7,257172.835,3091262
2024-09-21 00:00:00+00:00,63175.8,63546.9,62714.2,63320.6,78248.362,1073883
2024-09-22 00:00:00+00:00,63320.6,64000.0,62339.0,63558.4,149129.884,1916442
2024-09-23 00:00:00+00:00,63558.5,64724.8,62534.4,63302.0,234343.564,3034337
2024-09-24 00:00:00+00:00,63302.1,64666.0,62688.2,64243.1,236987.628,2854709
2024-09-25 00:00:00+00:00,64243.2,64800.0,62910.0,63118.4,184950.772,2269562
2024-09-26 00:00:00+00:00,63118.3,65800.0,62634.4,65139.2,321186.356,3601296
2024-09-27 00:00:00+00:00,65139.1,66450.0,64788.0,65749.6,226404.021,2828264
2024-09-28 00:00:00+00:00,65749.5,66237.0,65368.1,65822.6,92773.553,1280637
2024-09-29 00:00:00+00:00,65822.7,66059.3,65400.0,65568.1,88131.799,1294673
2024-09-30 00:00:00+00:00,65568.2,65588.8,62825.0,63309.1,296848.373,3646635
2024-10-01 00:00:00+00:00,63309.0,64092.6,60128.2,60776.8,429817.835,5090159
2024-10-02 00:00:00+00:00,60776.7,62355.0,59934.9,60622.6,327001.805,4403020
2024-10-03 00:00:00+00:00,60622.7,61452.6,59815.0,60727.2,286137.212,4070646
2024-10-04 00:00:00+00:00,60727.1,62457.1,60434.1,62054.4,234795.836,3191780
2024-10-05 00:00:00+00:00,62054.3,62344.0,61648.0,62023.1,74330.781,1165143
2024-10-06 00:00:00+00:00,62023.1,62961.5,61778.9,62789.3,96413.453,1460205
2024-10-07 00:00:00+00:00,62789.2,64448.2,62091.8,62190.7,298949.375,3730708
2024-10-08 00:00:00+00:00,62190.6,63178.7,61836.0,62131.7,226276.359,3007788
2024-10-09 00:00:00+00:00,62131.8,62520.9,60251.9,60606.4,217302.173,2924602
2024-10-10 00:00:00+00:00,60606.3,61297.0,58900.0,60293.2,262947.653,3293428
2024-10-11 00:00:00+00:00,60293.3,63400.0,60057.8,62509.0,263691.142,2987936
2024-10-12 00:00:00+00:00,62509.0,63462.6,62458.0,63176.0,102784.406,1502904
2024-10-13 00:00:00+00:00,63176.0,63260.0,62020.0,62839.8,129696.156,1736972
2024-10-14 00:00:00+00:00,62839.7,66533.0,62420.0,66064.9,338251.601,4101901
2024-10-15 00:00:00+00:00,66064.9,67953.7,64771.7,67044.1,422005.511,5023772
2024-10-16 00:00:00+00:00,67044.0,68400.0,66724.2,67592.0,254153.501,3762374
2024-10-17 00:00:00+00:00,67592.0,67925.9,66600.0,67401.5,220272.837,3150922
2024-10-18 00:00:00+00:00,67401.5,69000.0,67165.0,68407.8,245301.761,3341893
2024-10-19 00:00:00+00:00,68407.8,68684.9,68000.0,68357.1,68632.108,1101059
2024-10-20 00:00:00+00:00,68357.1,69425.8,68069.8,69020.1,105939.492,1491959
2024-10-21 00:00:00+00:00,69020.2,69566.0,66865.9,67368.8,253437.333,3394803
2024-10-22 00:00:00+00:00,67368.7,67825.0,66536.5,67406.4,218518.977,3051273
2024-10-23 00:00:00+00:00,67406.5,67449.0,65222.3,66647.2,248215.058,3273578
2024-10-24 00:00:00+00:00,66647.3,68842.5,66482.0,68173.8,212340.722,2955244
2024-10-25 00:00:00+00:00,68173.8,68748.0,65557.2,66662.8,348511.871,4106320
2024-10-26 00:00:00+00:00,66662.7,67450.0,66414.1,67071.8,94169.992,1522633
2024-10-27 00:00:00+00:00,67071.9,68306.1,66909.4,67992.6,88468.808,1363490
2024-10-28 00:00:00+00:00,67992.7,70331.0,67584.2,69940.0,256128.622,3334954
2024-10-29 00:00:00+00:00,69939.9,73660.0,69733.0,72739.5,382502.06,4796294
2024-10-30 00:00:00+00:00,72739.5,72984.9,71444.2,72349.0,227108.808,3249471
2024-10-31 00:00:00+00:00,72349.0,72720.3,69705.0,70321.9,256485.328,3578458
2024-11-01 00:00:00+00:00,70321.9,71650.0,68822.5,69495.5,352591.088,4618190
2024-11-02 00:00:00+00:00,69495.4,69913.1,69022.8,69366.6,79314.105,1401664
2024-11-03 00:00:00+00:00,69366.6,69393.7,67446.6,68762.5,226477.376,3241078
2024-11-04 00:00:00+00:00,68762.5,69495.3,66810.0,67834.3,244912.166,3684843
2024-11-05 00:00:00+00:00,67834.4,70537.4,67454.2,69353.1,273070.87,3919866
2024-11-06 00:00:00+00:00,69353.1,76420.0,69272.7,75579.9,677440.286,9334179
2024-11-07 00:00:00+00:00,75579.9,76900.0,74450.0,75859.4,280675.033,4431074
2024-11-08 00:00:00+00:00,75859.4,77182.9,75576.3,76482.2,230370.324,3534735
2024-11-09 00:00:00+00:00,76482.2,76920.0,75683.2,76675.1,117754.034,1816643
2024-11-10 00:00:00+00:00,76675.1,81699.8,76501.1,80410.0,417426.899,5763782
2024-11-11 00:00:00+00:00,80409.9,89800.0,80261.2,88728.9,614141.662,8091453
2024-11-12 00:00:00+00:00,88729.0,90070.1,85159.9,87972.0,639481.584,9027355
2024-11-13 00:00:00+00:00,87972.0,93421.1,86180.0,90413.3,555288.297,8571385
2024-11-14 00:00:00+00:00,90413.3,91846.1,86714.0,87382.7,364621.68,6465556
2024-11-15 00:00:00+00:00,87382.6,91921.5,87111.0,91074.6,314431.908,5422261
2024-11-16 00:00:00+00:00,91074.6,91849.8,90120.0,90643.3,129023.447,2572935
2024-11-17 00:00:00+00:00,90643.2,91539.6,88736.1,89899.9,167504.792,3269289
2024-11-18 00:00:00+00:00,89900.0,92700.0,89422.1,90507.4,333557.11,5685709
2024-11-19 00:00:00+00:00,90507.4,93985.9,90405.6,92335.9,303532.031,5066640
2024-11-20 00:00:00+00:00,92335.9,94849.0,91500.0,94288.0,290044.227,4993020
2024-11-21 00:00:00+00:00,94288.0,99100.0,94008.7,98366.8,418383.136,6905515
2024-11-22 00:00:00+00:00,98366.8,99660.0,97199.9,98921.4,265774.067,4555503
2024-11-23 00:00:00+00:00,98921.5,98937.3,97173.5,97725.5,120358.422,2258791
2024-11-24 00:00:00+00:00,97725.6,98666.0,95822.1,97960.4,173118.84,3273568
2024-11-25 00:00:00+00:00,97960.5,98999.0,92666.0,93064.0,329375.021,5330405
2024-11-26 00:00:00+00:00,93064.0,95064.0,90866.4,92021.4,344929.233,6021621
2024-11-27 00:00:00+00:00,92021.5,97250.0,91864.0,95905.2,237005.987,4071168
2024-11-28 00:00:00+00:00,95905.2,96627.6,94700.1,95694.4,154007.026,2817181
2024-11-29 00:00:00+00:00,95694.4,98713.3,95404.5,97516.3,190520.949,3084809
2024-11-30 00:00:00+00:00,97516.2,97522.1,96150.0,96475.1,93074.218,1665673
2024-12-01 00:00:00+00:00,96475.2,97933.0,95736.5,97265.1,113222.99,1872343
2024-12-02 00:00:00+00:00,97265.0,98266.0,94400.0,95890.5,257613.911,4234044
2024-12-03 00:00:00+00:00,95890.6,96375.0,93605.0,95913.3,206601.98,3444469
2024-12-04 00:00:00+00:00,95913.3,99099.9,94650.8,98669.8,275949.205,4179149
2024-12-05 00:00:00+00:00,98669.8,104630.4,90200.0,97001.5,580277.391,9642120
2024-12-06 00:00:00+00:00,97001.6,101988.8,96429.5,99802.5,282369.608,4877066
2024-12-07 00:00:00+00:00,99802.5,100499.0,98876.9,99899.2,95858.658,1929665
2024-12-08 00:00:00+00:00,99899.2,101457.9,98709.4,101200.0,109755.676,2103094
2024-12-09 00:00:00+00:00,101200.1,101300.0,94039.7,97349.1,326973.59,5773645
2024-12-10 00:00:00+00:00,97349.1,98320.6,94265.5,96602.4,291490.744,5651800
2024-12-11 00:00:00+00:00,96602.3,101880.0,95650.0,101115.3,221807.705,4229343
2024-12-12 00:00:00+00:00,101115.3,102538.4,99280.2,99982.4,215219.075,4129177
2024-12-13 00:00:00+00:00,99982.3,101869.5,99149.6,101371.9,152437.318,3042727
2024-12-14 00:00:00+00:00,101371.9,102638.0,100559.8,101381.0,107680.549,2229858
2024-12-15 00:00:00+00:00,101381.0,105374.6,101200.1,104460.4,157733.916,3101360
2024-12-16 00:00:00+00:00,104460.5,107777.0,103264.6,106023.2,274395.756,5278040
2024-12-17 00:00:00+00:00,106023.2,108366.8,105252.0,106074.6,197773.912,4179052
2024-12-18 00:00:00+00:00,106074.6,106484.6,99951.1,100181.1,328581.935,6216898
2024-12-19 00:00:00+00:00,100181.2,102756.7,95681.2,97434.4,372968.463,7425449
2024-12-20 00:00:00+00:00,97434.3,98243.0,92272.6,97764.4,396188.795,7747092
2024-12-21 00:00:00+00:00,97764.5,99485.0,96375.0,97261.8,161258.48,3335893
2024-12-22 00:00:00+00:00,97261.7,97437.9,94200.0,95153.5,148114.735,3134938
2024-12-23 00:00:00+00:00,95153.4,96499.0,92464.4,94861.1,247211.855,5207668
2024-12-24 00:00:00+00:00,94861.0,99450.0,93525.6,98627.2,211610.632,3920298
2024-12-25 00:00:00+00:00,98626.9,99580.7,97570.0,99379.7,124696.892,2722825
2024-12-26 00:00:00+00:00,99379.6,99950.0,95153.0,95751.0,194857.651,3878316
2024-12-27 00:00:00+00:00,95750.9,97564.5,93440.0,94258.9,206008.243,4086656
2024-12-28 00:00:00+00:00,94258.9,95700.0,94100.0,95259.1,67991.349,1613529
2024-12-29 00:00:00+00:00,95259.1,95300.0,92961.8,93700.0,95047.934,1990464
2024-12-30 00:00:00+00:00,93699.9,95031.6,91510.0,92759.3,222343.593,4401173
2024-12-31 00:00:00+00:00,92759.3,96254.3,92000.0,93548.9,178648.116,3535447
2025-01-01 00:00:00+00:00,93548.8,95161.2,92796.5,94580.9,91236.66,1804360
2025-01-02 00:00:00+00:00,94580.9,97822.4,94357.4,96967.5,181645.495,3485887
2025-01-03 00:00:00+00:00,96967.6,98949.0,96061.5,98145.7,125220.674,2447503
2025-01-04 00:00:00+00:00,98145.7,98760.9,97438.2,98173.2,71914.634,1425236
2025-01-05 00:00:00+00:00,98173.2,98852.6,97227.0,98340.2,74949.289,1416760
2025-01-06 00:00:00+00:00,98340.2,102444.0,97872.6,102180.4,207493.329,3872847
2025-01-07 00:00:00+00:00,102180.5,102762.1,96153.0,96920.3,258711.309,4469033
2025-01-08 00:00:00+00:00,96920.2,97242.2,92500.0,95014.1,262012.113,5034341
2025-01-09 00:00:00+00:00,95014.0,95358.7,91055.8,92505.9,257760.902,4976061
2025-01-10 00:00:00+00:00,92506.0,95882.5,92173.6,94675.5,261942.954,4889944
2025-01-11 00:00:00+00:00,94675.6,94988.0,93802.1,94562.5,64661.763,1369972
2025-01-12 00:00:00+00:00,94562.4,95444.0,93661.1,94499.9,77298.133,1571748
2025-01-13 00:00:00+00:00,94499.9,95934.5,88909.0,94485.3,361150.49,6407451
2025-01-14 00:00:00+00:00,94485.4,97353.9,94305.4,96514.9,212859.661,4065158
2025-01-15 00:00:00+00:00,96514.9,100658.9,96450.2,100460.0,222417.566,4026826
2025-01-16 00:00:00+00:00,100460.0,100850.0,97293.6,99937.4,216802.52,3912749
2025-01-17 00:00:00+00:00,99937.4,105784.0,99902.0,104042.5,249449.969,4489396
2025-01-18 00:00:00+00:00,104042.6,104962.1,102242.8,104524.3,167940.092,3308318
2025-01-19 00:00:00+00:00,104524.3,106450.0,99600.0,101311.5,280949.178,5347056
2025-01-20 00:00:00+00:00,101311.5,110000.0,99501.0,102247.6,530508.18,10954393
2025-01-21 00:00:00+00:00,102247.7,107241.6,100097.2,106114.5,273296.828,6773872
2025-01-22 00:00:00+00:00,106115.4,106390.0,103211.6,103664.9,151243.528,3771385
2025-01-23 00:00:00+00:00,103664.9,106840.2,101211.0,103864.1,418154.019,8556453
2025-01-24 00:00:00+00:00,103864.0,107076.5,102680.0,104808.1,165746.95,3964568
2025-01-25 00:00:00+00:00,104808.0,105274.7,104040.6,104702.0,65630.163,1653111
2025-01-26 00:00:00+00:00,104702.0,105496.9,102450.3,102560.1,75787.087,1627122
2025-01-27 00:00:00+00:00,102560.0,103216.5,97680.0,102021.3,325689.874,7400145
2025-01-28 00:00:00+00:00,102021.3,103797.0,100235.0,101279.6,169917.261,3946858
2025-01-29 00:00:00+00:00,101279.7,104755.0,101269.7,103698.2,169989.952,3968545
2025-01-30 00:00:00+00:00,103698.1,106450.0,103224.5,104676.9,136967.4,3003472
2025-01-31 00:00:00+00:00,104676.9,106000.0,101509.0,102379.7,172237.817,3554639
2025-02-01 00:00:00+00:00,102379.8,102734.9,100215.0,100603.6,90863.091,2078447
2025-02-02 00:00:00+00:00,100603.6,101426.0,96029.6,97664.5,232934.693,4938568
2025-02-03 00:00:00+00:00,97664.5,102456.0,91130.3,101293.7,455088.034,9447064
2025-02-04 00:00:00+00:00,101293.6,101729.3,96100.0,97709.9,262746.203,5493800
2025-02-05 00:00:00+00:00,97710.0,99124.2,96106.1,96553.2,151379.666,3469799
2025-02-06 00:00:00+00:00,96553.2,99093.0,95613.5,96515.1,161521.013,3536819
2025-02-07 00:00:00+00:00,96515.0,100112.4,95555.0,96454.5,223373.629,4285021
2025-02-08 00:00:00+00:00,96454.5,96850.0,95600.0,96411.9,69050.432,1556064
2025-02-09 00:00:00+00:00,96412.0,97301.7,94650.1,96423.6,101177.286,2020676
2025-02-10 00:00:00+00:00,96423.6,98328.0,95200.1,97379.2,132932.545,2797120
2025-02-11 00:00:00+00:00,97379.2,98482.2,94814.3,95731.4,154832.904,2870437
2025-02-12 00:00:00+00:00,95731.4,98090.9,94003.9,97816.3,202448.079,3777676
2025-02-13 00:00:00+00:00,97816.3,98053.8,95160.1,96560.6,142240.526,2882655
2025-02-14 00:00:00+00:00,96560.6,98792.8,96225.7,97445.1,144452.957,2698910
2025-02-15 00:00:00+00:00,97445.2,97941.2,97170.0,97538.0,47418.593,1122506
2025-02-16 00:00:00+00:00,97538.0,97665.8,96002.0,96067.0,56684.873,1178659
2025-02-17 00:00:00+00:00,96067.0,97000.0,95150.6,95743.2,105576.986,2123453
2025-02-18 00:00:00+00:00,95743.1,96737.3,93321.6,95622.0,179173.362,3299676
2025-02-19 00:00:00+00:00,95622.0,96878.7,95012.5,96598.0,124996.873,2363817
2025-02-20 00:00:00+00:00,96597.9,98662.1,96366.0,98252.9,129180.172,2405719
2025-02-21 00:00:00+00:00,98252.8,99431.5,94830.4,96127.9,250618.273,4068903
2025-02-22 00:00:00+00:00,96128.0,96988.0,95701.9,96503.3,65792.15,1273107
2025-02-23 00:00:00+00:00,96503.3,96602.9,95180.2,96218.4,69298.691,1246308
2025-02-24 00:00:00+00:00,96218.4,96470.0,91300.0,91514.5,217488.75,3909950
2025-02-25 00:00:00+00:00,91514.5,92500.0,86020.4,88639.1,472296.502,8369213
2025-02-26 00:00:00+00:00,88639.1,89367.1,82222.0,84208.5,401141.821,6847973
2025-02-27 00:00:00+00:00,84208.6,87066.0,82667.0,84668.1,269408.53,5083388
2025-02-28 00:00:00+00:00,84668.2,85084.5,78200.2,84299.6,536343.231,9672296
2025-03-01 00:00:00+00:00,84299.6,86516.5,83779.0,86007.7,146996.671,3014683
2025-03-02 00:00:00+00:00,86007.7,94971.0,85015.0,94222.8,364711.538,6300424
2025-03-03 00:00:00+00:00,94222.0,94373.4,85029.0,86192.7,436032.402,8664891
2025-03-04 00:00:00+00:00,86193.3,88931.0,81200.0,87245.9,432434.798,9150619
2025-03-05 00:00:00+00:00,87245.9,91000.0,86328.0,90566.1,279001.09,5960009
2025-03-06 00:00:00+00:00,90566.1,92780.3,87790.5,89887.8,303058.632,6061685
2025-03-07 00:00:00+00:00,89887.9,91257.7,84600.0,86753.8,452474.195,8215927
2025-03-08 00:00:00+00:00,86753.8,86876.5,85108.0,86184.7,96106.187,2043283
2025-03-09 00:00:00+00:00,86184.7,86470.6,79933.4,80688.8,221609.348,4087644
2025-03-10 00:00:00+00:00,80690.7,84031.5,77410.1,78567.8,416386.797,7504174
2025-03-11 00:00:00+00:00,78567.8,83600.0,76560.0,82896.0,390779.169,6700221
2025-03-12 00:00:00+00:00,82896.0,84487.0,80578.5,83640.7,306171.124,5204106
2025-03-13 00:00:00+00:00,83640.7,84307.1,79903.4,81085.4,247960.052,4136157
2025-03-14 00:00:00+00:00,81085.5,85270.2,80772.0,83939.8,233544.708,3668098
2025-03-15 00:00:00+00:00,83939.9,84625.0,83564.5,84302.9,76674.97,1360801
2025-03-16 00:00:00+00:00,84303.0,85136.0,81925.6,82541.6,174630.7,2961719
2025-03-17 00:00:00+00:00,82541.6,84727.1,82384.0,83962.9,182662.082,3126276
2025-03-18 00:00:00+00:00,83963.0,83979.8,81113.5,82666.1,188897.749,3234435
2025-03-19 00:00:00+00:00,82666.2,86990.0,82501.8,86809.8,251961.741,4041006
2025-03-20 00:00:00+00:00,86809.8,87500.0,83613.6,84183.6,242943.492,3647609
2025-03-21 00:00:00+00:00,84183.6,84813.6,83122.0,84050.3,144422.271,2379726
2025-03-22 00:00:00+00:00,84050.3,84509.0,83589.5,83804.9,52218.652,881860
2025-03-23 00:00:00+00:00,83804.9,86110.9,83761.2,86044.2,90899.873,1395203
2025-03-24 00:00:00+00:00,86044.1,88752.0,85478.3,87463.4,210907.484,3282516
2025-03-25 00:00:00+00:00,87463.4,88500.0,86260.0,87369.8,173505.289,2768708
2025-03-26 00:00:00+00:00,87369.9,88270.2,85816.3,86873.8,187956.695,2620341
2025-03-27 00:00:00+00:00,86873.9,87722.4,85724.5,87191.2,163451.689,2451436
2025-03-28 00:00:00+00:00,87191.2,87470.0,83531.7,84380.8,222284.56,3429988
2025-03-29 00:00:00+00:00,84380.8,84589.7,81601.0,82604.7,135513.705,2216920
2025-03-30 00:00:00+00:00,82604.8,83490.0,81501.4,82352.8,109565.925,1944059
2025-03-31 00:00:00+00:00,82353.1,83895.8,81222.0,82517.5,212064.576,3700495
2025-04-01 00:00:00+00:00,82517.5,85595.5,82383.3,85120.9,197263.176,3204984
2025-04-02 00:00:00+00:00,85121.0,88500.0,82300.0,82485.1,348964.378,5700524
2025-04-03 00:00:00+00:00,82485.1,83889.2,81172.2,83181.5,239163.519,4066509
2025-04-04 00:00:00+00:00,83181.7,84686.2,81624.6,83861.3,353109.206,5495133
2025-04-05 00:00:00+00:00,83861.4,84244.5,82333.8,83506.1,99574.204,1673031
2025-04-06 00:00:00+00:00,83506.1,83790.5,77111.0,78390.0,281191.753,4458658
2025-04-07 00:00:00+00:00,78390.1,81200.0,74457.0,79140.0,693843.503,10521238
2025-04-08 00:00:00+00:00,79140.1,80832.1,76200.1,76297.9,328409.534,5357269
2025-04-09 00:00:00+00:00,76298.0,83554.9,74578.5,82588.0,560649.862,8799174
2025-04-10 00:00:00+00:00,82587.9,82706.9,78416.0,79560.2,293662.1,4989231
2025-04-11 00:00:00+00:00,79560.3,84300.0,78935.5,83378.3,295777.871,4822203
2025-04-12 00:00:00+00:00,83378.3,85884.2,82756.0,85237.8,158002.837,2750499
2025-04-13 00:00:00+00:00,85237.9,86100.0,82991.5,83713.7,207038.38,3377742
2025-04-14 00:00:00+00:00,83713.8,85755.0,83630.9,84553.9,209349.356,3632120
2025-04-15 00:00:00+00:00,84553.9,86443.0,83560.0,83608.7,184522.182,3121181
2025-04-16 00:00:00+00:00,83608.6,85493.5,83063.9,83990.0,209441.418,3500261
2025-04-17 00:00:00+00:00,83990.1,85441.5,83700.0,84915.0,141033.195,2398235
2025-04-18 00:00:00+00:00,84914.9,85100.0,84260.0,84421.0,55218.842,1026255
2025-04-19 00:00:00+00:00,84421.0,85600.0,84317.2,85046.9,73380.566,1278384
2025-04-20 00:00:00+00:00,85046.9,85283.6,83900.0,85138.8,90651.818,1426040
2025-04-21 00:00:00+00:00,85138.9,88418.2,85100.0,87466.0,274069.871,3962240
2025-04-22 00:00:00+00:00,87466.0,94142.5,87017.5,93404.9,334005.081,4829876
2025-04-23 00:00:00+00:00,93404.9,94904.3,91898.0,93632.1,232748.428,3900078
2025-04-24 00:00:00+00:00,93632.2,93980.6,91619.0,93931.6,157092.728,2683732
2025-04-25 00:00:00+00:00,93931.5,95769.6,92788.0,94591.8,191830.477,3288571
2025-04-26 00:00:00+00:00,94591.8,95157.1,93833.0,94575.7,72538.209,1340715
2025-04-27 00:00:00+00:00,94575.7,95280.5,93547.3,93697.1,83816.183,1503584
2025-04-28 00:00:00+00:00,93697.0,95578.8,92700.0,94969.0,194420.716,2926262
2025-04-29 00:00:00+00:00,94969.0,95426.4,93678.7,94200.1,147831.794,2481112
2025-04-30 00:00:00+00:00,94200.1,95186.5,92848.1,94125.1,170929.31,2588053
2025-05-01 00:00:00+00:00,94125.2,97388.0,94086.7,96423.3,184526.755,2825368
2025-05-02 00:00:00+00:00,96423.2,97865.4,96283.1,96831.2,139197.526,2240247
2025-05-03 00:00:00+00:00,96831.2,96868.4,95700.0,95803.3,71420.629,1207124
2025-05-04 00:00:00+00:00,95803.3,96266.6,94116.4,94230.2,94260.877,1550180
2025-05-05 00:00:00+00:00,94230.2,95165.1,93445.1,94696.7,154902.375,2364149
2025-05-06 00:00:00+00:00,94696.7,96879.5,93327.0,96798.9,173683.066,2556838
2025-05-07 00:00:00+00:00,96798.9,97700.0,95718.5,96988.4,185267.142,2739288
2025-05-08 00:00:00+00:00,96988.4,104305.3,96831.5,103228.1,317422.469,4445990
2025-05-09 00:00:00+00:00,103228.0,104373.0,102240.0,102941.9,172883.922,3180781
2025-05-10 00:00:00+00:00,102941.9,105000.1,102784.0,104788.8,104384.537,1979353
2025-05-11 00:00:00+00:00,104788.8,104950.0,103283.3,104072.7,139136.421,2552705
2025-05-12 00:00:00+00:00,104072.7,105863.1,100678.0,102739.3,256542.699,4171603
2025-05-13 00:00:00+00:00,102739.3,104949.2,101400.0,104082.0,162368.328,3009395
2025-05-14 00:00:00+00:00,104082.0,104319.0,102536.0,103458.1,126264.097,2289025
2025-05-15 00:00:00+00:00,103458.1,104162.8,101270.8,103714.5,176344.106,3256600
2025-05-16 00:00:00+00:00,103714.2,104524.2,103062.3,103412.2,115513.049,2303834
2025-05-17 00:00:00+00:00,103412.2,103658.0,102541.6,103079.6,90372.669,1899774
2025-05-18 00:00:00+00:00,103079.5,106629.8,103052.2,106407.6,173224.284,3286266
2025-05-19 00:00:00+00:00,106407.5,107114.3,102038.8,105531.6,257825.604,4455918
2025-05-20 00:00:00+00:00,105531.5,107292.5,104115.2,106800.1,226187.246,3940207
2025-05-21 00:00:00+00:00,106800.0,110830.0,106037.9,109609.5,413589.854,6189752
2025-05-22 00:00:00+00:00,109609.6,111959.5,109153.4,111662.7,246067.033,4612376
2025-05-23 00:00:00+00:00,111662.6,111770.4,106721.9,107271.5,279480.347,4943362
2025-05-24 00:00:00+00:00,107271.6,109440.2,106836.0,107698.9,165158.758,2838855
2025-05-25 00:00:00+00:00,107699.0,109285.1,106497.0,108955.9,159465.803,2938731
2025-05-26 00:00:00+00:00,108956.0,110400.0,108616.6,109386.8,146992.22,2776585
2025-05-27 00:00:00+00:00,109386.8,110700.0,107438.0,108889.3,223599.905,4065296
2025-05-28 00:00:00+00:00,108889.2,109252.6,106723.9,107723.1,158417.759,3009662
2025-05-29 00:00:00+00:00,107723.1,108860.0,105054.2,105539.9,213101.255,3867631
2025-05-30 00:00:00+00:00,105539.9,106266.0,103555.0,103950.0,219701.302,4162110
2025-05-31 00:00:00+00:00,103949.9,104859.3,103032.1,104544.7,103607.84,2173534
2025-06-01 00:00:00+00:00,104544.6,105823.6,103704.1,105583.3,97420.24,1959949
2025-06-02 00:00:00+00:00,105583.3,105900.0,103600.6,105814.3,158252.918,2994803
2025-06-03 00:00:00+00:00,105814.4,106775.0,104822.4,105330.1,139216.007,2606908
2025-06-04 00:00:00+00:00,105330.1,105967.2,104111.7,104641.8,118534.125,2227909
2025-06-05 00:00:00+00:00,104641.8,105878.3,100305.1,101458.6,246238.674,4120064
2025-06-06 00:00:00+00:00,101458.7,105283.0,101003.4,104240.0,174300.906,2910225
2025-06-07 00:00:00+00:00,104240.1,105878.3,103800.1,105507.5,79833.173,1510843
2025-06-08 00:00:00+00:00,105507.5,106482.6,104927.4,105676.5,75105.104,1397725
2025-06-09 00:00:00+00:00,105676.5,110653.6,105253.2,110227.9,192956.409,3206202
2025-06-10 00:00:00+00:00,110228.0,110367.2,108282.0,110235.4,152216.974,2781353
2025-06-11 00:00:00+00:00,110235.4,110350.0,108001.2,108600.0,134422.321,2592990
2025-06-12 00:00:00+00:00,108600.1,108782.1,105602.0,105609.5,185790.19,3320828
2025-06-13 00:00:00+00:00,105609.4,106141.1,102614.0,106027.3,245935.413,4731930
2025-06-14 00:00:00+00:00,106027.3,106173.6,104225.4,105359.9,79911.57,1612153
2025-06-15 00:00:00+00:00,105359.8,106099.4,104399.9,105534.6,78819.399,1615722
2025-06-16 00:00:00+00:00,105534.7,108900.0,104920.0,106750.1,166813.219,3134819
2025-06-17 00:00:00+00:00,106750.1,107727.4,103300.0,104508.0,226051.863,3970409
2025-06-18 00:00:00+00:00,104508.0,105500.0,103426.1,104832.8,172706.399,3219465
2025-06-19 00:00:00+00:00,104832.8,105185.7,103870.3,104607.1,87710.605,1606233
2025-06-20 00:00:00+00:00,104607.1,106486.2,102255.3,103246.1,199102.135,3108911
2025-06-21 00:00:00+00:00,103246.1,103940.6,100789.9,102079.8,120771.35,2033604
2025-06-22 00:00:00+00:00,102079.8,103362.6,98115.4,100904.7,293562.636,4876091
2025-06-23 00:00:00+00:00,100904.7,106050.0,99547.6,105290.9,297222.041,4717211
2025-06-24 00:00:00+00:00,105291.0,106239.0,104570.8,106034.9,144449.887,2565480
2025-06-25 00:00:00+00:00,106034.9,108095.7,105755.6,107280.0,159277.823,2665403
2025-06-26 00:00:00+00:00,107280.1,108249.9,106500.0,106913.7,114433.386,2181091
2025-06-27 00:00:00+00:00,106913.8,107686.0,106313.1,107010.7,118637.45,2005062
2025-06-28 00:00:00+00:00,107010.6,107538.0,106767.0,107241.0,35670.419,747193
2025-06-29 00:00:00+00:00,107240.9,108499.0,107112.6,108309.8,79448.325,1398904
2025-06-30 00:00:00+00:00,108309.8,108783.9,106686.4,107087.4,114681.386,1865096
2025-07-01 00:00:00+00:00,107087.3,107499.9,105182.6,105637.9,120434.401,2043731
2025-07-02 00:00:00+00:00,105637.9,109690.4,105010.0,108800.0,177567.261,2621458
2025-07-03 00:00:00+00:00,108800.0,110484.0,108480.6,109545.2,141487.997,2342574
2025-07-04 00:00:00+00:00,109545.1,109732.3,107200.0,107935.4,132305.847,1957162
2025-07-05 00:00:00+00:00,107935.3,108368.1,107688.3,108153.4,36660.948,734951
2025-07-06 00:00:00+00:00,108153.4,109684.7,107743.4,109145.8,72388.603,1278877
2025-07-07 00:00:00+00:00,109145.8,109667.3,107456.0,108203.9,106397.578,1788546
2025-07-08 00:00:00+00:00,108203.9,109180.0,107400.0,108873.1,95156.027,1658291
2025-07-09 00:00:00+00:00,108873.2,112036.8,108273.5,111199.9,167834.731,2548622
2025-07-10 00:00:00+00:00,111199.8,117500.0,110432.2,115979.2,225570.213,3420723
2025-07-11 00:00:00+00:00,115979.2,118882.8,115186.7,117500.0,199819.357,3481508
2025-07-12 00:00:00+00:00,117500.0,118176.9,116862.4,117389.3,63722.472,1330505
2025-07-13 00:00:00+00:00,117389.4,119655.0,117164.3,119038.3,90052.381,1810973
2025-07-14 00:00:00+00:00,119038.3,123300.0,118862.6,119816.5,221556.12,4034670
2025-07-15 00:00:00+00:00,119816.5,119919.4,115678.1,117738.5,269977.446,4738657
2025-07-16 00:00:00+00:00,117738.6,120100.0,117017.1,118590.7,159165.948,3160880
2025-07-17 00:00:00+00:00,118590.7,120951.5,117412.8,119176.6,164274.401,3301670
2025-07-18 00:00:00+00:00,119176.5,120846.1,116788.9,117896.4,162246.906,3368152
2025-07-19 00:00:00+00:00,117896.5,118456.0,117245.9,117814.4,52531.193,1248912
2025-07-20 00:00:00+00:00,117814.3,118856.6,116370.1,117216.0,82380.582,1751382
2025-07-21 00:00:00+00:00,117216.1,119720.6,116454.1,117330.2,141885.848,2862908
2025-07-22 00:00:00+00:00,117330.2,120300.1,115865.0,119993.7,186832.45,3400863
2025-07-23 00:00:00+00:00,119993.7,120146.5,117250.0,118713.5,136986.897,2483435
2025-07-24 00:00:00+00:00,118713.4,119469.9,117050.2,118294.3,137377.613,2566930
2025-07-25 00:00:00+00:00,118294.4,118410.8,114667.3,117583.5,260386.754,4482676
2025-07-26 00:00:00+00:00,117583.4,118300.0,117114.2,117889.2,57218.604,1160574
2025-07-27 00:00:00+00:00,117889.3,119766.0,117800.8,119423.4,75978.959,1528886
2025-07-28 00:00:00+00:00,119423.5,119812.0,117388.0,118041.4,106712.329,2373905
2025-07-29 00:00:00+00:00,118041.5,119258.7,116923.0,117897.0,115263.463,2551661
2025-07-30 00:00:00+00:00,117897.1,118763.5,115700.0,117771.0,124917.857,2695165
2025-07-31 00:00:00+00:00,117771.1,118910.0,115373.9,115697.3,135037.467,2653586
2025-08-01 00:00:00+00:00,115697.3,116000.0,112660.0,113244.8,221282.099,4671690
2025-08-02 00:00:00+00:00,113244.8,114000.0,111910.0,112508.8,102459.448,2253136
2025-08-03 00:00:00+00:00,112508.8,114730.0,111850.0,114150.8,63183.869,1586907
2025-08-04 00:00:00+00:00,114150.9,115686.0,114053.8,115002.1,83328.591,2122581
2025-08-05 00:00:00+00:00,115002.1,115073.3,112582.4,114069.6,119316.428,2692070
2025-08-06 00:00:00+00:00,114069.6,115674.2,113304.5,114941.0,98598.67,2207330
2025-08-07 00:00:00+00:00,114941.0,117580.0,114211.4,117419.9,134409.055,2477601
2025-08-08 00:00:00+00:00,117419.9,117591.8,115850.0,116628.2,89828.611,2041990
2025-08-09 00:00:00+00:00,116628.2,117906.7,116304.0,116422.1,77924.534,1513938
2025-08-10 00:00:00+00:00,116422.1,119291.9,116413.2,119255.3,130331.779,2420657
2025-08-11 00:00:00+00:00,119255.3,122450.0,118050.0,118641.9,217088.254,4260404
2025-08-12 00:00:00+00:00,118641.8,120270.0,118154.3,120081.0,125708.555,2609039
2025-08-13 00:00:00+00:00,120080.9,123715.9,118829.0,123323.9,188073.873,3654672
2025-08-14 00:00:00+00:00,123323.9,124545.6,117004.0,118242.2,259801.57,4770691
2025-08-15 00:00:00+00:00,118242.2,119184.0,116736.3,117279.2,120542.357,2714933
2025-08-16 00:00:00+00:00,117279.1,117857.1,117089.7,117329.7,46674.42,1042735
2025-08-17 00:00:00+00:00,117329.8,118558.0,117121.6,117353.8,54386.804,1143753
2025-08-18 00:00:00+00:00,117353.9,117499.4,114605.0,116183.6,147219.779,3078165
2025-08-19 00:00:00+00:00,116183.6,116687.7,112666.6,112824.2,141024.287,3133574
2025-08-20 00:00:00+00:00,112824.1,114569.0,112301.8,114220.5,130522.37,2930095
2025-08-21 00:00:00+00:00,114220.5,114777.0,111944.0,112462.2,96406.356,2397213
2025-08-22 00:00:00+00:00,112462.2,117397.4,111625.9,116897.5,199447.977,3835737
2025-08-23 00:00:00+00:00,116897.5,116988.0,114510.0,115377.1,78419.415,1536323
2025-08-24 00:00:00+00:00,115377.1,115640.0,110484.0,113446.3,133388.002,2638475
2025-08-25 00:00:00+00:00,113446.2,113621.3,109219.8,110064.0,204839.785,4182903
2025-08-26 00:00:00+00:00,110064.1,112330.0,108559.7,111709.9,145041.438,3465884
2025-08-27 00:00:00+00:00,111710.0,112568.5,110306.9,111194.9,114205.122,2613099
2025-08-28 00:00:00+00:00,111194.9,113429.0,110811.0,112507.3,97630.277,2252826
2025-08-29 00:00:00+00:00,112507.3,112585.7,107411.4,108332.4,179725.172,3720115
2025-08-30 00:00:00+00:00,108332.4,108879.6,107281.0,108757.9,60656.883,1397811
2025-08-31 00:00:00+00:00,108758.0,109439.9,108021.0,108208.4,70149.546,1474441
2025-09-01 00:00:00+00:00,108208.4,109874.8,107211.5,109187.9,150280.626,3269303
2025-09-02 00:00:00+00:00,109187.9,111742.1,108333.0,111188.0,175961.356,3533098
2025-09-03 00:00:00+00:00,111187.9,112541.2,110486.9,111659.8,105504.421,2363045
2025-09-04 00:00:00+00:00,111659.7,112136.8,109269.1,110679.4,122300.369,2639637
2025-09-05 00:00:00+00:00,110679.5,113344.3,110153.3,110614.9,193375.404,3788859
2025-09-06 00:00:00+00:00,110614.8,111256.2,109850.0,110135.3,46282.516,1043405
2025-09-07 00:00:00+00:00,110135.2,111559.5,110120.5,111076.0,53840.584,1136788
2025-09-08 00:00:00+00:00,111075.5,112867.6,110566.5,112012.6,99117.859,2062136
2025-09-09 00:00:00+00:00,112012.7,113238.0,110714.9,111499.9,137275.133,2548235
2025-09-10 00:00:00+00:00,111499.9,114287.9,110855.8,113896.8,151901.539,2703708
2025-09-11 00:00:00+00:00,113896.8,115439.0,113340.7,115427.0,113066.078,2206093
2025-09-12 00:00:00+00:00,115427.0,116605.7,114681.5,115978.4,119013.718,2321278
2025-09-13 00:00:00+00:00,115978.4,116245.4,115032.0,115862.7,52529.59,1198605
2025-09-14 00:00:00+00:00,115862.7,116118.6,115057.0,115210.0,55087.99,1196136
2025-09-15 00:00:00+00:00,115210.0,116759.9,114338.5,115300.6,117911.279,2531767
2025-09-16 00:00:00+00:00,115300.5,116910.8,114600.0,116747.3,99446.184,2144042
2025-09-17 00:00:00+00:00,116747.3,117266.4,114623.3,116402.5,158125.07,3267980
2025-09-18 00:00:00+00:00,116402.6,117875.2,116033.5,117017.1,107215.717,2327863
2025-09-19 00:00:00+00:00,117017.1,117406.8,115049.9,115569.5,88151.649,1845963
2025-09-20 00:00:00+00:00,115569.6,116059.2,115343.0,115624.9,32355.678,731518
2025-09-21 00:00:00+00:00,115625.0,115778.0,115137.6,115183.9,32793.431,825048
2025-09-22 00:00:00+00:00,115183.9,115344.6,111469.2,112604.7,159461.568,3419373
2025-09-23 00:00:00+00:00,112604.7,113254.8,111405.1,111947.0,102258.264,2460994
2025-09-24 00:00:00+00:00,111947.0,113895.8,110935.0,113254.0,105314.096,2384763
2025-09-25 00:00:00+00:00,113253.9,113462.1,108574.1,108934.5,178663.741,3988053
2025-09-26 00:00:00+00:00,108934.6,110250.0,108566.0,109588.5,112277.659,2904945
2025-09-27 00:00:00+00:00,109588.5,109700.0,109021.9,109577.3,35871.924,875737
2025-09-28 00:00:00+00:00,109577.2,112300.0,109136.5,112119.6,77247.963,1607459
2025-09-29 00:00:00+00:00,112119.7,114377.2,111501.0,114257.1,125405.709,2558792
2025-09-30 00:00:00+00:00,114257.1,114800.0,112615.3,113988.8,119320.015,2649460
2025-10-01 00:00:00+00:00,113988.7,118631.8,113899.4,118552.4,172989.429,3495797
2025-10-02 00:00:00+00:00,118552.0,120999.0,118226.4,120481.3,145456.938,3287990
2025-10-03 00:00:00+00:00,120481.3,123900.0,119200.0,122182.7,167880.262,3823032
2025-10-04 00:00:00+00:00,122182.6,122781.1,121432.0,122343.2,70479.21,1615003
2025-10-05 00:00:00+00:00,122343.2,125877.3,122088.1,123426.7,162571.0,3659205
2025-10-06 00:00:00+00:00,123426.7,126208.5,123018.5,124628.5,140201.329,3633703
2025-10-07 00:00:00+00:00,124628.6,125098.0,120516.0,121286.5,181899.347,4202005
2025-10-08 00:00:00+00:00,121286.6,124170.6,121005.3,123237.5,127099.786,3545539
2025-10-09 00:00:00+00:00,123237.4,123740.1,119572.8,121579.3,163596.38,3938201
2025-10-10 00:00:00+00:00,121579.4,122497.0,101516.5,112714.9,391963.632,8976844
2025-10-11 00:00:00+00:00,112715.0,113300.1,109501.0,110579.1,163671.59,4650728
2025-10-12 00:00:00+00:00,110579.1,115730.3,109509.3,114894.4,217928.037,5262712
2025-10-13 00:00:00+00:00,114894.5,115912.0,113600.5,115111.9,195996.783,4656609
2025-10-14 00:00:00+00:00,115112.0,115360.2,109802.0,112983.8,259244.496,5960214
2025-10-15 00:00:00+00:00,112983.9,113576.1,110096.9,110699.0,131777.09,4671881
2025-10-16 00:00:00+00:00,110699.1,111960.0,107350.0,108129.4,193544.785,6043222
2025-10-17 00:00:00+00:00,108129.4,109199.8,103470.0,106378.6,242789.692,6936137
2025-10-18 00:00:00+00:00,106378.5,107452.6,106270.0,107117.5,68509.903,2088885
2025-10-19 00:00:00+00:00,107117.5,109399.9,106055.8,108586.2,113473.72,3182090
2025-10-20 00:00:00+00:00,108586.2,111650.0,107377.2,110469.9,139646.949,4408575
2025-10-21 00:00:00+00:00,110469.9,113940.0,107400.0,108253.7,241127.426,6899664
2025-10-22 00:00:00+00:00,108253.8,109160.0,106360.3,107532.0,180893.983,5662544
2025-10-23 00:00:00+00:00,107532.1,111240.0,107462.9,110025.9,129640.717,4205445
2025-10-24 00:00:00+00:00,110026.0,112086.0,109650.0,110965.4,110759.532,3645127
2025-10-25 00:00:00+00:00,110965.4,111903.9,110600.5,111589.4,45269.483,1390771
2025-10-26 00:00:00+00:00,111589.4,115521.7,111200.0,114497.8,97335.387,2690149
2025-10-27 00:00:00+00:00,114497.9,116380.2,113792.4,114064.1,118611.612,3606096
2025-10-28 00:00:00+00:00,114064.2,116074.3,112121.4,112833.5,131088.84,3953418
2025-10-29 00:00:00+00:00,112833.5,113593.0,109026.4,109985.6,163920.866,4943718
2025-10-30 00:00:00+00:00,109985.6,111565.1,106200.0,108263.5,205753.644,6330320
2025-10-31 00:00:00+00:00,108263.6,111233.0,108226.6,109557.3,152063.776,4790937
2025-11-01 00:00:00+00:00,109557.2,110557.0,109351.5,110047.2,41614.221,1492868
2025-11-02 00:00:00+00:00,110047.3,111216.0,109368.9,110494.9,61109.173,2070247
2025-11-03 00:00:00+00:00,110494.9,110711.0,105300.0,106544.0,174258.047,5811945
2025-11-04 00:00:00+00:00,106544.0,107271.9,98888.8,101450.3,281742.16,8565646
2025-11-05 00:00:00+00:00,101450.2,104497.6,98909.7,103837.0,167770.094,6086022
2025-11-06 00:00:00+00:00,103837.0,104210.2,100238.4,101305.6,145029.821,5320926
2025-11-07 00:00:00+00:00,101305.6,104070.7,99200.0,103305.2,163967.458,5603055
2025-11-08 00:00:00+00:00,103305.3,103373.8,101400.1,102269.3,70691.949,2559208
2025-11-09 00:00:00+00:00,102269.3,105440.0,101300.0,104670.6,92367.67,3231981
2025-11-10 00:00:00+00:00,104670.7,106666.0,104205.9,105966.3,120403.538,4212652
2025-11-11 00:00:00+00:00,105966.3,107473.7,102400.0,103005.8,132603.774,4760215
2025-11-12 00:00:00+00:00,103005.8,105297.0,100711.0,101605.8,140876.276,4703500
2025-11-13 00:00:00+00:00,101605.8,104024.6,97959.0,99654.3,236046.799,7282484
2025-11-14 00:00:00+00:00,99654.3,99862.8,93955.0,94544.9,287072.783,9131756
2025-11-15 00:00:00+00:00,94544.9,96800.0,94523.9,95560.3,90220.319,3291291
2025-11-16 00:00:00+00:00,95560.4,96600.0,92922.8,94221.7,135749.509,4603648
2025-11-17 00:00:00+00:00,94221.7,96012.2,91250.0,92169.7,205161.285,6449728
2025-11-18 00:00:00+00:00,92169.8,93799.1,89012.0,92916.9,232691.156,7177907
2025-11-19 00:00:00+00:00,92916.8,92944.8,88564.4,91508.9,226438.45,6320482
2025-11-20 00:00:00+00:00,91509.0,93150.0,86066.6,86601.3,276513.027,7702513
2025-11-21 00:00:00+00:00,86601.4,87465.4,80600.0,85093.5,449804.324,12106325
2025-11-22 00:00:00+00:00,85093.6,85599.9,83456.0,84689.4,94197.055,3300973
2025-11-23 00:00:00+00:00,84689.4,88100.0,84622.0,86807.7,138930.073,3866798
2025-11-24 00:00:00+00:00,86807.6,89177.3,85226.4,88247.1,211113.332,5760868
2025-11-25 00:00:00+00:00,88247.1,88477.6,86061.1,87324.1,149637.655,3934906
2025-11-26 00:00:00+00:00,87324.1,90655.4,86260.9,90438.1,159146.533,3774838
2025-11-27 00:00:00+00:00,90438.0,91931.9,90024.4,91292.2,113685.232,2798316
2025-11-28 00:00:00+00:00,91292.2,93080.0,90155.0,90847.8,146920.347,3370293
2025-11-29 00:00:00+00:00,90847.8,91130.0,90092.7,90765.0,54196.679,1422265
2025-11-30 00:00:00+00:00,90764.9,91934.4,90300.0,90320.6,66139.718,1670692
2025-12-01 00:00:00+00:00,90320.5,90396.9,83786.0,86241.6,296847.166,6767987
2025-12-02 00:00:00+00:00,86241.5,92273.2,86140.1,91249.1,228101.165,5320367
2025-12-03 00:00:00+00:00,91249.1,94185.0,90954.8,93376.7,201298.317,5434938
2025-12-04 00:00:00+00:00,93376.8,94040.0,90822.5,92034.7,146772.427,4163902
2025-12-05 00:00:00+00:00,92034.7,92665.5,87976.3,89288.5,179125.057,4515304
2025-12-06 00:00:00+00:00,89288.6,90257.3,88870.1,89197.1,56826.867,1591701
2025-12-07 00:00:00+00:00,89197.1,91722.0,87688.0,90345.4,129592.005,3338858
2025-12-08 00:00:00+00:00,90345.4,92262.6,89553.8,90610.8,152474.739,4053719
2025-12-09 00:00:00+00:00,90610.8,94555.0,89368.9,92638.4,181930.263,4479556
2025-12-10 00:00:00+00:00,92638.3,94443.7,91520.0,91977.5,160488.78,4232140
2025-12-11 00:00:00+00:00,91977.5,93547.3,89200.0,92477.5,191148.068,4805321
2025-12-12 00:00:00+00:00,92477.6,92719.0,89429.0,90229.6,144844.11,3756406
2025-12-13 00:00:00+00:00,90229.7,90599.0,89711.9,90191.3,36237.733,932723
2025-12-14 00:00:00+00:00,90191.3,90440.0,87504.3,88118.8,92086.654,2328828
2025-12-15 00:00:00+00:00,88118.8,89972.4,85073.0,86389.9,194216.045,4934375
2025-12-16 00:00:00+00:00,86390.0,88143.9,85226.0,87826.3,142225.048,4227432
2025-12-17 00:00:00+00:00,87826.3,90363.2,85261.3,86201.6,208646.748,5781931
2025-12-18 00:00:00+00:00,86201.6,89447.9,84408.6,85469.7,229573.679,6086801
2025-12-19 00:00:00+00:00,85469.8,89374.6,85062.7,88100.0,178284.494,5034312
2025-12-20 00:00:00+00:00,88100.0,88551.8,87698.5,88320.8,35973.848,923871
2025-12-21 00:00:00+00:00,88320.7,89050.0,87548.5,88621.3,67624.388,1874966
2025-12-22 00:00:00+00:00,88621.3,90599.0,87845.0,88581.5,154693.469,4180747
2025-12-23 00:00:00+00:00,88581.5,88904.9,86536.0,87463.0,133657.948,3476009
2025-12-24 00:00:00+00:00,87463.1,88033.3,86355.0,87627.3,81543.508,2265487
2025-12-25 00:00:00+00:00,87627.4,88594.0,86902.1,87182.8,57796.252,1544627
2025-12-26 00:00:00+00:00,87182.8,89557.6,86619.9,87318.2,149971.737,3606967
2025-12-27 00:00:00+00:00,87318.3,87956.9,87203.0,87829.4,27294.109,702865
2025-12-28 00:00:00+00:00,87829.5,88078.3,87402.6,87920.5,37359.964,886145
2025-12-29 00:00:00+00:00,87920.4,90373.4,86760.0,87203.3,190004.209,3903591
2025-12-30 00:00:00+00:00,87203.2,89355.0,86789.0,88455.3,126745.26,2751660
2025-12-31 00:00:00+00:00,88455.2,89192.8,87189.2,87608.2,96768.357,2111873
2026-01-01 00:00:00+00:00,87608.3,88881.4,87508.4,88800.0,47941.303,1056983
2026-01-02 00:00:00+00:00,88800.0,90945.1,88324.4,89951.4,176662.448,3761821
2026-01-03 00:00:00+00:00,89951.5,90716.9,89261.2,90595.8,56891.269,1281323
2026-01-04 00:00:00+00:00,90595.8,91779.7,90595.7,91497.1,73773.029,1754310
2026-01-05 00:00:00+00:00,91497.2,94760.3,91476.5,93822.4,189416.312,4067261
2026-01-06 00:00:00+00:00,93822.3,94415.4,91209.0,93708.0,187443.05,3608826
2026-01-07 00:00:00+00:00,93708.1,93708.1,90634.1,91328.0,148986.85,3128555
2026-01-08 00:00:00+00:00,91328.1,91666.0,89242.0,91059.8,168475.944,3683287
2026-01-09 00:00:00+00:00,91059.8,91999.0,89632.8,90603.6,140394.677,3331017
2026-01-10 00:00:00+00:00,90603.7,90800.0,90351.6,90469.6,25270.741,599781
2026-01-11 00:00:00+00:00,90469.7,91252.5,90175.3,90964.4,43544.382,1038354
2026-01-12 00:00:00+00:00,90964.4,92488.0,90066.0,91252.6,169237.383,3781380
2026-01-13 00:00:00+00:00,91252.5,96863.7,91011.0,95375.2,200545.918,4318052
2026-01-14 00:00:00+00:00,95375.2,97932.1,94413.4,96907.9,182043.491,4348837
2026-01-15 00:00:00+00:00,96908.0,97155.0,95080.0,95567.3,149204.741,3798595
2026-01-16 00:00:00+00:00,95567.4,95825.0,94234.5,95503.7,101218.089,2400899
2026-01-17 00:00:00+00:00,95503.8,95621.9,94977.5,95107.9,38969.233,818622
2026-01-18 00:00:00+00:00,95107.9,95490.0,93550.3,93614.0,62580.393,1329656
2026-01-19 00:00:00+00:00,93614.0,93614.1,91800.0,92589.6,108237.056,2825417
2026-01-20 00:00:00+00:00,92589.6,92845.0,87787.2,88390.6,188076.2,4631114
2026-01-21 00:00:00+00:00,88390.7,90599.5,87205.5,89411.4,208082.615,5516402
2026-01-22 00:00:00+00:00,89411.4,90327.7,88465.6,89518.5,105914.221,3188240
2026-01-23 00:00:00+00:00,89518.4,91195.0,88530.0,89558.7,124825.85,3316867
2026-01-24 00:00:00+00:00,89558.7,89893.9,89116.9,89180.7,30735.937,704903
2026-01-25 00:00:00+00:00,89180.7,89281.6,86021.7,86628.9,124879.363,2890811
2026-01-26 00:00:00+00:00,86628.9,88834.1,86463.2,88300.6,134609.491,3655855
2026-01-27 00:00:00+00:00,88300.6,89499.0,87265.4,89197.8,117926.114,3132674
2026-01-28 00:00:00+00:00,89197.8,90592.7,88786.0,89261.7,123884.859,3491891
2026-01-29 00:00:00+00:00,89261.7,89316.8,83338.3,84604.7,226761.591,5246087
2026-01-30 00:00:00+00:00,84604.7,84697.2,81000.0,84211.4,254794.516,7256441
2026-01-31 00:00:00+00:00,84211.4,84239.5,75500.0,78706.8,271548.511,7438979
2026-02-01 00:00:00+00:00,78706.7,79396.8,75644.0,76931.5,186984.08,6762058
2026-02-02 00:00:00+00:00,76931.6,79311.0,74555.0,78692.5,259646.414,10356254
2026-02-03 00:00:00+00:00,78692.5,79163.0,72889.2,75732.4,307725.516,8904271
2026-02-04 00:00:00+00:00,75732.4,76952.5,71838.0,73137.4,293124.639,9146258
2026-02-05 00:00:00+00:00,73137.5,73316.3,62233.3,62868.1,670089.741,19581560
2026-02-06 00:00:00+00:00,62868.1,71714.4,59800.0,70544.5,559182.769,16332904
2026-02-07 00:00:00+00:00,70544.5,71690.0,67250.0,69254.2,266663.651,8784245
2026-02-08 00:00:00+00:00,69254.3,72300.0,68843.7,70288.1,162753.587,5758737
2026-02-09 00:00:00+00:00,70288.2,71434.9,68271.7,70110.5,222442.828,8000547
2026-02-10 00:00:00+00:00,70110.6,70499.9,67883.0,68805.3,183872.609,6235581
2026-02-11 00:00:00+00:00,68805.3,69262.7,65718.5,67054.4,256625.524,8361548
2026-02-12 00:00:00+00:00,67054.8,68385.0,65081.0,66243.1,199993.259,6480832
2026-02-13 00:00:00+00:00,66243.2,69473.7,65833.9,68821.5,183043.289,5506424
2026-02-14 00:00:00+00:00,68821.5,70557.7,68689.1,69795.4,114534.246,3101501
2026-02-15 00:00:00+00:00,69795.4,70938.5,68029.6,68796.9,151250.13,4131070
2026-02-16 00:00:00+00:00,68796.9,70110.9,67250.0,68862.5,149579.748,4281080
2026-02-17 00:00:00+00:00,68862.6,69228.6,66588.0,67475.9,149185.122,4735651
2026-02-18 00:00:00+00:00,67475.9,68438.0,65826.1,66422.8,163973.391,4414934
2026-02-19 00:00:00+00:00,66422.8,67299.4,65595.7,66974.0,147432.601,4243601
2026-02-20 00:00:00+00:00,66973.9,68283.7,66408.1,67979.3,225303.971,5164151
2026-02-21 00:00:00+00:00,67979.3,68687.0,67488.9,67933.1,87495.493,1846629
2026-02-22 00:00:00+00:00,67933.2,68220.0,67150.0,67613.5,84343.422,1863706
2026-02-23 00:00:00+00:00,67613.6,67655.8,63860.0,64625.8,277151.296,6630619
2026-02-24 00:00:00+00:00,64625.8,64980.0,62401.7,64031.3,223150.569,5758456
2026-02-25 00:00:00+00:00,64031.4,69999.0,63876.0,67952.5,299238.818,6996840
2026-02-26 00:00:00+00:00,67952.5,68850.0,66462.0,67448.2,177837.055,5337568
2026-02-27 00:00:00+00:00,67448.1,68188.8,64875.6,65836.0,205957.364,5402389
2026-02-28 00:00:00+00:00,65836.0,67735.0,62979.5,66937.1,257922.786,6409763
2026-03-01 00:00:00+00:00,66937.0,68189.0,65011.0,65750.0,219111.436,5961363
2026-03-02 00:00:00+00:00,65749.9,70100.0,65234.4,68801.8,277378.032,7594400
2026-03-03 00:00:00+00:00,68801.8,69221.6,66080.0,68295.3,257469.9,7256084
2026-03-04 00:00:00+00:00,68295.2,74046.5,67350.0,72641.4,357143.496,9113296
2026-03-05 00:00:00+00:00,72641.4,73539.1,70612.8,70854.8,226168.28,6208035
2026-03-06 00:00:00+00:00,70854.8,71387.5,67712.3,68083.0,213382.703,5538756
2026-03-07 00:00:00+00:00,68083.0,68524.9,66850.1,67232.1,94570.162,2310757
2026-03-08 00:00:00+00:00,67232.1,68171.6,65569.2,65934.3,155747.973,3935975
2026-03-09 00:00:00+00:00,65934.3,69498.0,65770.5,68394.1,237211.547,6402136
2026-03-10 00:00:00+00:00,68394.0,71748.1,68345.0,69901.9,265674.484,6447895
2026-03-11 00:00:00+00:00,69901.8,71286.0,68932.9,70150.0,195627.956,5153969
2026-03-12 00:00:00+00:00,70150.0,70756.5,69150.0,70480.1,186490.593,5027652
2026-03-13 00:00:00+00:00,70480.1,73870.0,70342.7,70895.5,300232.121,6412789
2026-03-14 00:00:00+00:00,70895.5,71272.3,70256.0,71174.4,79283.014,1886463
2026-03-15 00:00:00+00:00,71174.4,73199.9,70815.7,72778.9,126474.242,3045577
2026-03-16 00:00:00+00:00,72778.8,74880.0,72235.6,74846.4,269076.99,6268523
2026-03-17 00:00:00+00:00,74846.4,75998.9,73330.3,73872.4,218278.973,5479878
2026-03-18 00:00:00+00:00,73872.3,74633.0,70456.0,71202.9,226755.469,5356124
2026-03-19 00:00:00+00:00,71202.9,71598.3,68750.0,69887.4,218646.177,5571163
2026-03-20 00:00:00+00:00,69887.4,71342.2,69350.0,70472.7,186241.517,4888724
2026-03-21 00:00:00+00:00,70472.6,71077.7,68511.3,68881.5,74084.886,1878597
2026-03-22 00:00:00+00:00,68881.5,69555.8,67300.0,67830.6,134880.564,3656404
2026-03-23 00:00:00+00:00,67830.7,71789.8,67400.1,70865.9,291099.678,7419964
2026-03-24 00:00:00+00:00,70866.0,71377.5,68884.5,70523.9,196191.95,4920785
2026-03-25 00:00:00+00:00,70524.0,71999.9,70375.0,71297.5,166515.849,4276151
2026-03-26 00:00:00+00:00,71297.5,71408.1,68115.8,68788.0,186473.614,4295874
2026-03-27 00:00:00+00:00,68788.1,69142.7,65501.0,66364.2,212351.048,4882340
2026-03-28 00:00:00+00:00,66364.1,67284.0,65888.0,66334.8,89373.492,1936311
2026-03-29 00:00:00+00:00,66334.8,67100.0,64918.2,65977.9,110278.396,2569247
2026-03-30 00:00:00+00:00,65978.0,68148.4,65754.2,66764.4,187059.065,4757179
2026-03-31 00:00:00+00:00,66764.4,68600.0,65938.0,68241.5,243333.085,5862363
2026-04-01 00:00:00+00:00,68241.4,69288.0,67534.9,68086.5,157276.22,4106767
2026-04-02 00:00:00+00:00,68086.4,68639.1,65676.1,66868.5,188358.921,4638638
2026-04-03 00:00:00+00:00,66868.6,67350.0,66240.0,66930.0,79267.833,1992751
2026-04-04 00:00:00+00:00,66930.0,67554.5,66745.5,67271.0,50770.337,974725
2026-04-05 00:00:00+00:00,67271.1,69108.0,66575.5,68997.9,104918.169,2094751
2026-04-06 00:00:00+00:00,68997.9,70332.5,68227.5,68817.9,166757.236,4113878
2026-04-07 00:00:00+00:00,68817.9,72743.4,67711.0,71890.2,232828.247,5373548
2026-04-08 00:00:00+00:00,71890.2,72858.5,70671.6,71038.1,183378.492,4083755
2026-04-09 00:00:00+00:00,71038.2,73128.0,70428.0,71750.4,175806.457,4240779
2026-04-10 00:00:00+00:00,71750.4,73450.0,71382.1,72917.4,156569.666,3530906
2026-04-11 00:00:00+00:00,72917.4,73773.4,72451.9,73013.4,80169.67,1757326
2026-04-12 00:00:00+00:00,73013.4,73094.4,70458.2,70711.1,134822.989,2700369
2026-04-13 00:00:00+00:00,70711.2,74870.0,70517.3,74385.0,213029.519,4357102
2026-04-14 00:00:00+00:00,74384.9,76009.0,73766.8,74106.9,183261.49,4218005
2026-04-15 00:00:00+00:00,74106.9,75425.6,73449.0,74776.2,131029.771,3436946
2026-04-16 00:00:00+00:00,74776.3,75500.0,73256.8,75106.8,158397.725,4081084
2026-04-17 00:00:00+00:00,75106.8,78300.0,74480.0,77030.6,239395.915,5543309
2026-04-18 00:00:00+00:00,77030.6,77380.0,75395.9,75653.8,105894.391,2448295
2026-04-19 00:00:00+00:00,75653.8,76200.0,73700.2,73758.4,128978.211,3539624
2026-04-20 00:00:00+00:00,73758.4,76531.0,73669.0,75790.1,166149.667,4412505
2026-04-21 00:00:00+00:00,75790.1,76999.0,74777.9,76288.2,164760.987,4536844
2026-04-22 00:00:00+00:00,76288.3,79444.0,76078.6,78139.8,191087.096,4654803
2026-04-23 00:00:00+00:00,78139.7,78648.0,76504.6,78216.8,172485.012,4384196
2026-04-24 00:00:00+00:00,78217.4,78546.0,77206.8,77395.4,127783.005,3111521
2026-04-25 00:00:00+00:00,77395.3,77847.0,77100.0,77585.0,46592.486,1074571
2026-04-26 00:00:00+00:00,77585.0,78994.8,77280.0,78613.5,79943.305,1958460
2026-04-27 00:00:00+00:00,78614.4,79455.0,76400.0,77331.2,169100.883,3759613
2026-04-28 00:00:00+00:00,77331.2,77450.0,75635.6,76298.1,103918.877,2755530
2026-04-29 00:00:00+00:00,76298.2,77873.2,74868.0,75749.9,186533.503,3744656
2026-04-30 00:00:00+00:00,75749.9,76630.3,75273.5,76305.4,99754.46,2581648
2026-05-01 00:00:00+00:00,76305.4,78879.9,76265.4,78192.0,152998.306,3193414
2026-05-02 00:00:00+00:00,78191.9,79145.0,77979.3,78652.9,51441.108,1220863
2026-05-03 00:00:00+00:00,78652.8,79428.9,78027.0,78529.0,72033.621,1769810
2026-05-04 00:00:00+00:00,78529.0,80771.7,78128.3,79826.1,280916.582,5588231
2026-05-05 00:00:00+00:00,79826.1,81745.4,79761.2,80861.9,170921.528,3517847
2026-05-06 00:00:00+00:00,80861.9,82828.7,80651.2,81390.1,158200.508,3814275
2026-05-07 00:00:00+00:00,81390.0,81680.6,79461.5,79969.4,134727.652,3380745
2026-05-08 00:00:00+00:00,79969.5,80478.0,79137.4,80155.2,106762.913,2837678
2026-05-09 00:00:00+00:00,80155.2,81043.2,80080.0,80634.0,55957.334,1271383
2026-05-10 00:00:00+00:00,80634.0,82460.5,80225.1,82177.7,94950.803,2249327
2026-05-11 00:00:00+00:00,82177.7,82350.0,80394.0,81699.1,121990.421,3134296
2026-05-12 00:00:00+00:00,81699.1,81757.3,79801.0,80461.0,121313.956,2704822
2026-05-13 00:00:00+00:00,80461.0,81270.2,78713.8,79288.3,139700.645,2907428
2026-05-14 00:00:00+00:00,79288.2,81999.0,78869.4,81048.9,175883.625,3735245
2026-05-15 00:00:00+00:00,81048.8,81623.8,78610.0,79074.0,153823.505,3558190
2026-05-16 00:00:00+00:00,79074.0,79199.7,77601.8,78104.2,86150.451,1893984
2026-05-17 00:00:00+00:00,78104.3,78564.3,76666.0,77430.4,86217.669,1935246
2026-05-18 00:00:00+00:00,77430.4,77757.5,76014.2,76963.2,178363.499,4327873
2026-05-19 00:00:00+00:00,76963.2,77384.6,76107.1,76799.9,99046.639,2665616
2026-05-20 00:00:00+00:00,76800.0,77825.8,76485.0,77510.3,107607.406,2742623
2026-05-21 00:00:00+00:00,77510.3,78180.0,76696.7,77586.2,117095.161,2866709
2026-05-22 00:00:00+00:00,77586.3,77862.7,75322.0,75513.1,116206.213,2569349
2026-05-23 00:00:00+00:00,75513.1,77427.0,74203.6,76715.2,153827.753,3004860
2026-05-24 00:00:00+00:00,76715.3,77600.0,76056.0,77030.3,91134.277,2234138
2026-05-25 00:00:00+00:00,77030.3,77887.9,76871.4,77281.5,76708.408,1931005
2026-05-26 00:00:00+00:00,77281.5,78077.1,75641.2,75905.5,164920.082,3665650
2026-05-27 00:00:00+00:00,75905.6,76155.5,74210.0,74418.1,144715.461,3448760
2026-05-28 00:00:00+00:00,74418.0,74565.3,72556.0,73591.4,179445.677,3962599
2026-05-29 00:00:00+00:00,73591.4,74293.1,72436.0,73428.2,146157.182,3330599
2026-05-30 00:00:00+00:00,73428.2,74108.8,73130.1,73856.8,52543.686,1170355
2026-05-31 00:00:00+00:00,73856.9,74250.0,73340.7,73653.2,58241.459,1441196
2026-06-01 00:00:00+00:00,73653.2,74070.5,70650.9,71391.5,213471.128,4458372
2026-06-02 00:00:00+00:00,71391.5,71397.0,66150.7,66730.0,346702.152,7127356
2026-06-03 00:00:00+00:00,66730.1,67493.8,64050.8,64117.7,310901.538,6966925
2026-06-04 00:00:00+00:00,64117.7,64739.8,61344.8,63853.4,431174.611,10874585
2026-06-05 00:00:00+00:00,63853.4,63955.0,59080.0,61022.0,478161.885,13001562
2026-06-06 00:00:00+00:00,61022.0,61500.0,59451.3,60849.7,174760.843,5613152
2026-06-07 00:00:00+00:00,60849.7,64250.0,60708.0,63298.5,217479.033,5625457
2026-06-08 00:00:00+00:00,63299.0,64179.5,62377.0,63057.9,184441.053,5553169
2026-06-09 00:00:00+00:00,63057.9,63499.9,60755.0,61695.0,221399.474,5499289
2026-06-10 00:00:00+00:00,61694.9,62840.2,60691.9,61483.7,193054.264,5545622
2026-06-11 00:00:00+00:00,61483.6,63915.3,61483.6,63597.9,193994.574,4464945
2026-06-12 00:00:00+00:00,63598.0,64362.6,62800.0,63547.0,145723.782,3586119
2026-06-13 00:00:00+00:00,63547.0,64738.0,63360.0,64418.2,76161.387,1605728
2026-06-14 00:00:00+00:00,64418.3,65775.0,63650.0,65702.1,116733.458,2420457
2026-06-15 00:00:00+00:00,65702.1,67255.4,65314.3,66285.9,167952.941,3579313
2026-06-16 00:00:00+00:00,66285.9,66956.7,65328.8,65644.8,129106.426,3186832
2026-06-17 00:00:00+00:00,65644.8,66419.2,63881.2,64472.9,199486.299,4631138
2026-06-18 00:00:00+00:00,64472.9,64780.0,62232.1,62924.1,187698.716,4005801
2026-06-19 00:00:00+00:00,62924.0,63645.0,62237.2,63512.6,112226.881,2721632
2026-06-20 00:00:00+00:00,63512.5,64370.9,63136.2,64270.0,95676.696,2147300
2026-06-21 00:00:00+00:00,64270.1,64568.0,63220.0,63287.1,84982.076,1903594
2026-06-22 00:00:00+00:00,63287.2,65597.2,63286.2,63990.2,161843.008,3838509
2026-06-23 00:00:00+00:00,63990.1,64247.2,61870.0,62696.7,172919.239,3993212
2026-06-24 00:00:00+00:00,62696.7,63209.6,59060.0,61051.2,278097.304,5937738
2026-06-25 00:00:00+00:00,61051.2,61931.1,58030.0,59771.9,301830.174,6739577
2026-06-26 00:00:00+00:00,59772.0,60734.0,58288.0,60072.0,282095.151,6983368
2026-06-27 00:00:00+00:00,60071.9,60924.7,59819.8,60000.3,81302.593,1933235
2026-06-28 00:00:00+00:00,60000.4,60543.3,58888.0,59550.2,103598.697,2643496
2026-06-29 00:00:00+00:00,59550.2,60758.3,58850.0,60224.7,227776.275,5844739
2026-06-30 00:00:00+00:00,60224.7,60250.0,58160.0,58605.4,191646.301,4297703
2026-07-01 00:00:00+00:00,58605.4,61322.0,57758.6,59999.6,263938.481,5246380
2026-07-02 00:00:00+00:00,59999.6,62180.0,59555.0,61540.6,235950.072,4765923
2026-07-03 00:00:00+00:00,61540.5,62957.2,61229.0,62565.5,132498.494,2834351
2026-07-04 00:00:00+00:00,62565.5,63450.0,62302.6,63114.8,79649.524,1885110
2026-07-05 00:00:00+00:00,63114.9,63990.7,62410.1,63617.1,92627.144,2089318
2026-07-06 00:00:00+00:00,63617.2,64691.9,61297.0,64023.6,242793.799,5073937
2026-07-07 00:00:00+00:00,64023.5,64298.1,62638.0,63335.4,177205.838,4096702
2026-07-08 00:00:00+00:00,63335.4,63740.2,61520.0,62255.3,163095.725,3867222
2026-07-09 00:00:00+00:00,62255.1,63484.9,61666.0,63197.0,150854.293,3623198
2026-07-10 00:00:00+00:00,63197.1,64680.0,62897.0,64129.5,138788.057,2973359
2026-07-11 00:00:00+00:00,64129.5,64497.4,63668.8,63783.0,53674.895,1277015
2026-07-12 00:00:00+00:00,63783.1,64271.9,63602.8,63750.0,60091.946,1549044
2026-07-13 00:00:00+00:00,63749.9,64411.8,61806.0,62307.0,195782.223,3928956
2026-07-14 00:00:00+00:00,62307.0,65130.0,62240.9,65014.7,190875.183,3668512
2026-07-15 00:00:00+00:00,65014.6,65589.7,64450.9,64721.4,132223.614,3001694
2026-07-16 00:00:00+00:00,64721.4,64974.5,63712.6,63801.0,130469.462,2952021
2026-07-17 00:00:00+00:00,63801.1,64356.7,62505.1,63909.9,165852.813,3536821
2026-07-18 00:00:00+00:00,63909.9,64837.4,63859.6,64806.7,49226.738,1078072
2026-07-19 00:00:00+00:00,64806.7,64948.8,64259.5,64694.7,62795.03,1450757
2026-07-20 00:00:00+00:00,64694.8,65788.0,63736.1,65224.8,179506.147,3998559
2026-07-21 00:00:00+00:00,65224.7,66924.1,65115.3,66522.4,138894.915,2926105
2026-07-22 00:00:00+00:00,66522.3,66711.0,65505.0,66082.0,116810.615,2548708
2026-07-23 00:00:00+00:00,66082.0,66284.1,64636.0,65069.6,124767.778,2557117
2026-07-24 00:00:00+00:00,65069.6,65780.0,63666.0,64116.5,147537.472,2732802
2026-07-25 00:00:00+00:00,64116.5,64417.1,63760.5,64338.1,46247.634,860616
2026-07-26 00:00:00+00:00,64338.0,65555.0,64256.4,65375.1,65763.163,1305101
2026-07-27 00:00:00+00:00,65375.2,65722.5,63567.0,63720.8,147831.733,3142344
2026-07-28 00:00:00+00:00,63720.7,64084.5,62660.1,63903.6,144273.862,3031274
2026-07-29 00:00:00+00:00,63903.6,64715.9,63234.0,63958.9,179976.299,4117256
2026-07-30 00:00:00+00:00,63958.9,65157.0,63576.4,64750.0,112855.732,2430250
2026-07-31 00:00:00+00:00,64750.0,65391.3,62410.5,62859.9,174964.935,3354622
2026-08-01 00:00:00+00:00,62859.9,63126.6,62228.8,62792.3,54738.143,1084259
2026-08-02 00:00:00+00:00,62792.3,63779.0,62782.3,63550.0,84040.407,1601195
2026-08-03 00:00:00+00:00,63550.0,64058.8,62268.2,63497.2,151843.862,3059275
2026-08-04 00:00:00+00:00,63497.1,64512.9,63290.2,64075.5,130025.3,2731792
2026-08-05 00:00:00+00:00,64075.6,65022.0,63847.0,64633.9,145120.247,2629385
2026-08-06 00:00:00+00:00,64634.0,64971.7,64111.0,64300.0,99304.784,1974235
2026-08-07 00:00:00+00:00,64299.9,65358.0,64128.3,64885.4,124388.38,2397414
2026-08-08 00:00:00+00:00,64885.5,65163.0,64784.3,64928.5,26438.302,560786
2026-08-09 00:00:00+00:00,64928.6,65482.7,64700.0,64867.8,47848.462,904924
2026-08-10 00:00:00+00:00,64867.8,65373.6,63788.0,63939.3,128825.728,2286748
2026-08-11 00:00:00+00:00,63939.3,64470.0,63211.6,63572.0,106023.646,1878765
2026-08-12 00:00:00+00:00,63571.9,64450.0,63283.0,63454.7,114432.813,2120935
2026-08-13 00:00:00+00:00,63454.6,63990.7,62800.0,63456.7,122666.092,2091944
2026-08-14 00:00:00+00:00,63456.7,63595.1,62484.2,63015.0,105347.757,1957954
2026-08-15 00:00:00+00:00,63014.9,63170.0,62890.2,63053.9,25131.185,549548
2026-08-16 00:00:00+00:00,63053.9,63370.0,62681.1,62876.0,39928.075,756956
2026-08-17 00:00:00+00:00,62876.0,64600.8,62723.9,64504.1,138249.331,2236208
2026-08-18 00:00:00+00:00,64504.1,65057.9,63979.2,64694.0,97513.888,1636466
2026-08-19 00:00:00+00:00,64694.1,70450.0,64131.3,69310.0,326496.482,5388815
2026-08-20 00:00:00+00:00,69310.1,73399.7,68882.1,72998.7,289461.823,6661451
2026-08-21 00:00:00+00:00,72998.8,79555.5,72992.4,78309.1,450262.072,10546515
2026-08-22 00:00:00+00:00,78309.1,78831.8,76510.0,77084.5,128937.444,3803207
2026-08-23 00:00:00+00:00,77084.5,78057.6,75588.0,77719.1,131081.334,3238550
2026-08-24 00:00:00+00:00,77719.0,79974.8,76649.0,78953.0,232502.35,5914733
2026-08-25 00:00:00+00:00,78952.9,81270.5,77808.1,78505.4,239701.56,5743532
2026-08-26 00:00:00+00:00,78505.5,79200.0,77600.0,78989.4,134364.36,3532420
2026-08-27 00:00:00+00:00,78989.4,80845.1,78522.1,80208.9,165462.463,3801694
2026-08-28 00:00:00+00:00,80208.9,81500.0,76853.1,77805.9,222422.106,4680910
2026-08-29 00:00:00+00:00,77805.9,78314.9,77353.0,78200.7,48192.111,1207066
2026-08-30 00:00:00+00:00,78200.6,79384.4,76947.2,77634.6,89891.716,2268832
2026-08-31 00:00:00+00:00,77634.6,79228.5,77350.7,78549.6,129516.691,3545613
2026-09-01 00:00:00+00:00,78549.6,79196.0,76368.0,77400.1,151357.832,3622828
2026-09-02 00:00:00+00:00,77400.2,77767.8,76151.9,77300.0,142109.459,3365828
2026-09-03 00:00:00+00:00,77300.0,82282.8,76927.3,81230.7,239735.63,4931524
2026-09-04 00:00:00+00:00,81230.7,81393.8,78618.1,79716.0,185830.032,3603926
